id,first_name,phone_number
1,Zenia,63-(902)128-5291
2,Kristina,86-(529)550-3977
3,Dorree,63-(882)238-0146
4,Annmaria,55-(175)605-7825
5,Wheeler,960-(403)633-2929
6,Paul,1-(316)548-0363
7,Harrietta,7-(247)790-5056
8,Sam,86-(274)383-1187
9,Rolfe,62-(141)538-0904
10,Jehanna,46-(540)136-1186
11,Wait,86-(758)361-4593
12,Leilah,86-(265)673-6852
13,Benjy,420-(719)613-5431
14,Inglis,86-(312)453-9766
15,Sonia,86-(653)734-1243
16,Sheree,20-(748)196-0192
17,Sasha,230-(266)713-4680
18,Roshelle,967-(185)103-3989
19,Everard,33-(661)609-2593
20,Cyrus,229-(345)782-6003
21,Sella,62-(937)783-3621
22,Gusti,51-(242)102-7155
23,Rosette,86-(736)974-7120
24,Carol,27-(481)740-1020
25,Linda,52-(424)879-3646
26,Kessiah,62-(881)551-3061
27,Meaghan,1-(916)790-7871
28,Shae,353-(854)538-8546
29,Gerhardt,62-(215)967-8927
30,Tonia,86-(576)706-1084
31,Benn,380-(783)261-0523
32,Valentin,86-(708)132-4111
33,Liv,86-(528)328-9814
34,Tammy,86-(538)811-2437
35,Marchall,355-(677)204-0858
36,Christyna,63-(888)410-2602
37,Stevana,30-(128)960-9546
38,Sanders,7-(584)705-9509
39,Daniele,81-(467)317-9186
40,Carie,7-(560)154-8499
41,Isabelita,57-(773)432-9381
42,Mile,82-(737)676-2558
43,Lanny,63-(684)914-2419
44,Mose,62-(506)406-2527
45,Burl,381-(942)278-5050
46,Gertrudis,86-(325)865-1819
47,Den,86-(179)590-3466
48,Federico,970-(609)783-1634
49,Ardelis,48-(469)240-7371
50,Niccolo,55-(759)403-9411
51,Constanta,62-(492)756-6386
52,Steffane,86-(125)197-9729
53,Glory,33-(179)353-9854
